<?xml version="1.0" encoding="utf-8"?>
<metadata>
	<layout title="COM_STATIONS_DESTINATIONS_VIEW_DEFAULT_TITLE" option="COM_STATIONS_DESTINATIONS_VIEW_DEFAULT_OPTION">
		<help
			key = "JHELP_MENUS_MENU_ITEM_DESTINATIONS"
		/>
		<message>
			<![CDATA[COM_STATIONS_DESTINATIONS_VIEW_DEFAULT_DESC]]>
		</message>
	</layout>

	<!-- Add fields to the parameters object for the layout. -->
	<fields name="params">
		<!-- Basic options. -->
		<fieldset name="basic" label="COM_STATIONS_DESTINATIONS_SETTINGS_LABEL">
			<!-- Basic menu settings here -->
		</fieldset>
	</fields>
</metadata>
